Store,Average_Daily_Demand,Safety_Stock,Reorder_Point
1,3957.7356979405035,1508.0607308623344,5465.796428802838
2,4113.399313501144,1343.4614256950276,5456.860739196172
3,5719.95881006865,2653.290779955364,8373.249590024014
4,7988.559496567505,2432.94442441797,10421.503920985475
5,3860.2345537757437,638.0429787085985,4498.277532484342
6,4601.336384439359,790.5560613939214,5391.89244583328
7,7292.538901601831,2083.5868970107654,9376.125798612597
8,4548.0308924485125,1653.0878213476901,6201.118713796202
9,5364.45766590389,2711.731966655587,8076.189632559477
10,4599.304347826087,1523.0080408726437,6122.3123886987305
11,6706.237986270023,1656.648661565738,8362.886647835761
12,6298.33066361556,1708.3344278320767,8006.665091447637
13,4099.802898550724,2629.262251318839,6729.065149869563
14,4551.145308924485,1787.2244682251905,6338.369777149675
15,5531.45881006865,1745.3562012327202,7276.81501130137
16,6299.7482837528605,3006.1012877116013,9305.849571464461
17,5258.0,1906.7596932551196,7164.75969325512
18,5407.216247139588,1322.9900853259762,6730.206332465564
19,5318.732265446224,2412.3602207811214,7731.092486227346
20,6263.128985507246,3270.8983740917415,9534.027359598987
21,4492.799771167048,2317.173708255368,6809.973479422416
22,3657.6202898550723,1386.074195729919,5043.6944855849915
23,4551.781464530893,1894.8828524015885,6446.664316932482
24,7717.173913043478,4535.614685475194,12252.788598518673
25,8882.767734553776,4344.989956269386,13227.757690823162
26,5510.413043478261,1250.3752908770334,6760.788334355295
27,7803.20823798627,4370.502524766149,12173.71076275242
28,4348.592677345538,1157.9188106258139,5506.511487971351
29,6034.788329519451,2918.007219879077,8952.795549398528
30,4423.973684210527,1538.1620478382722,5962.135732048799
31,4873.185354691075,972.0844486241979,5845.269803315273
32,3306.0942028985505,1436.0935117029067,4742.187714601458
33,6972.3821510297485,2753.1920795875244,9725.574230617272
34,6643.855835240274,1605.8744875309703,8249.730322771244
35,7913.503432494279,4631.198877334469,12544.702309828748
36,7620.346376811594,3297.028836049028,10917.375212860623
37,5896.242562929062,1227.17324475848,7123.415807687542
38,4942.00228832952,2350.6402394438273,7292.642527773347
39,4012.6281464530894,1908.0002651960278,5920.628411649117
40,4060.486270022883,1680.987690602846,5741.473960625729
41,4333.414492753624,1868.030198316352,6201.444691069975
42,8396.540045766591,4076.5104831247727,12473.050528891363
43,5648.681922196796,2435.9564111146515,8084.638333311448
44,4561.481693363844,869.3690255529023,5430.850718916747
45,4408.843249427918,1640.6960813991188,6049.539330827037
46,4381.528985507246,1972.988943280425,6354.517928787671
47,5921.29061784897,1610.8242359799005,7532.114853828871
48,3292.1018306636156,536.2062907904627,3828.3081214540784
49,5988.819221967963,2312.8427953560436,8301.662017324006
50,3490.1887871853546,1529.1240578961451,5019.3128450815
51,5418.885507246377,2274.2954928349927,7693.181000081369
52,6113.120289855073,2168.2120744767008,8281.332364331774
53,4363.101830663615,1445.864698963376,5808.966529626991
54,6579.6178489702515,1707.787094094375,8287.404943064626
55,3764.2105263157896,908.0241898740863,4672.234716189876
56,5999.491990846682,2725.502910368584,8724.994901215265
57,8720.04347826087,2181.5019538677534,10901.545432128623
58,5135.328985507246,2816.0091552737863,7951.338140781032
59,4559.656750572082,1230.8100578993797,5790.466808471462
60,6581.5,2434.5298416168484,9016.029841616848
61,3850.2368421052633,1675.9586183907604,5526.195460496024
62,5363.660183066361,2170.176541153918,7533.836724220279
63,5749.195652173913,2092.3288659705286,7841.524518144442
64,8495.70594965675,4445.353198156286,12941.059147813037
65,4221.8569794050345,1325.3957915692263,5547.252770974261
66,5019.676201372998,1874.3519688453102,6894.028170218307
67,6416.844393592677,3139.165768155119,9556.010161747796
68,6259.514874141876,2137.7751899903315,8397.290064132208
69,7810.522883295194,2967.845710908259,10778.368594203454
70,5472.45881006865,2882.5692951943483,8355.028105262998
71,7486.1578947368425,3279.45454227485,10765.612437011692
72,3614.8231884057973,1830.0494926665942,5444.872681072391
73,3799.1304347826085,866.4232528817784,4665.553687664387
74,5155.020594965675,2127.6043533127227,7282.624948278397
75,4982.638443935927,1362.7383888259128,6345.37683276184
76,7354.8,3144.4663619066396,10499.26636190664
77,6287.521739130435,2597.892936188339,8885.414675318774
78,3069.4473684210525,868.7500769459828,3938.1974453670355
79,4491.558352402746,1668.5261623313977,6160.084514734144
80,6253.54347826087,2502.863400443232,8756.406878704101
81,5679.48695652174,2289.42246959352,7968.9094261152595
82,7426.520594965675,3782.2253164254084,11208.745911391083
83,3212.9702517162473,1299.667373472376,4512.637625188623
84,10662.390160183066,4462.861754290465,15125.25191447353
85,7265.74942791762,2020.3510769125146,9286.100504830134
86,3880.351258581236,1627.529648433814,5507.88090701505
87,4864.446224256293,1234.6646397823167,6099.11086403861
88,4961.2471395881,1689.0842157626744,6650.331355350774
89,4869.307246376811,1928.4629030313042,6797.770149408116
90,6933.788329519451,3076.112809447448,10009.9011389669
91,4637.604118993135,1438.991401376239,6076.595520369374
92,4923.58352402746,2366.037624916366,7289.6211489438265
93,4920.754004576659,1947.8553880034735,6868.609392580132
94,5853.756292906179,2497.5764485270875,8351.332741433267
95,6345.678489702517,1134.9850411652521,7480.66353086777
96,4266.187643020595,1422.1298371000942,5688.317480120689
97,5518.278032036614,1195.0164134000245,6713.294445436638
98,4187.884439359268,2003.5363509138385,6191.420790273107
99,4156.595652173913,1837.6527687937314,5994.248420967644
100,6308.656521739131,2508.9073794892934,8817.563901228425
101,6189.764302059497,1956.5769815049243,8146.341283564421
102,5755.638443935927,3128.1872314611396,8883.825675397067
103,3095.9176201372998,1001.076868844021,4096.9944889813205
104,8386.559496567506,1506.680535861761,9893.240032429267
105,3510.1601830663617,1535.774505097035,5045.9346881633965
106,7088.037757437071,1852.5637339456096,8940.60149138268
107,6072.391304347826,1785.1732247153031,7857.564529063129
108,8932.05652173913,4024.262992106571,12956.319513845701
109,5358.131578947368,1370.7851181596916,6728.91669710706
110,3756.4073226544624,1010.5915269106177,4766.9988495650805
111,5596.289473684211,2521.055847878223,8117.345321562434
112,5161.155606407323,1895.2217654151104,7056.377371822433
113,5989.347826086957,1970.0841120494908,7959.431938136448
114,4446.4221967963385,1012.813820765229,5459.236017561568
115,5981.266666666666,2622.2851506773086,8603.551817343974
116,6049.390160183067,1421.5903817230003,7470.980541906067
117,3212.486270022883,1229.2731618150817,4441.759431837965
118,6406.385583524027,1878.3727800664813,8284.758363590508
119,4986.798627002288,904.4154860520968,5891.214113054385
120,5873.185354691075,2423.4658017761253,8296.6511564672
121,3689.4702517162473,746.8100014489484,4436.280253165196
122,5961.779176201373,2055.510040203082,8017.289216404455
123,6828.296338672769,2071.881721696605,8900.178060369373
124,3643.279176201373,2049.0777217868517,5692.356897988225
125,9810.045766590389,4160.475897269478,13970.521663859867
126,5431.821510297483,2193.952968169659,7625.774478467141
127,4281.879710144927,2110.271602961612,6392.151313106539
128,6114.118993135012,2880.3084007586967,8994.427393893708
129,7577.820289855073,2685.877490780589,10263.697780635663
130,4233.100686498856,1910.0763070331097,6143.176993531965
131,4357.783752860412,1549.8043060784103,5907.5880589388225
132,5060.350724637681,2410.2186411552134,7470.569365792895
133,5377.852402745995,1398.8713556218595,6776.723758367854
134,3928.659038901602,976.3889223339953,4905.0479612355975
135,4908.276887871853,2072.0195960107676,6980.296483882621
136,4483.98115942029,1967.101308944947,6451.082468365237
137,6775.823188405797,2617.6810875383085,9393.504275944106
138,6031.377574370709,2189.735349727447,8221.112924098157
139,5284.024637681159,2336.2247385829583,7620.249376264117
140,6173.271167048055,2770.158315353142,8943.429482401196
141,4553.759725400458,1744.30742078932,6298.067146189778
142,3809.8089244851258,1436.4764723761718,5246.285396861298
143,5206.448512585813,2261.3315806374453,7467.7800932232585
144,6352.849275362319,2348.101654297946,8700.950929660265
145,6691.592753623188,2787.6160633758464,9479.208816999035
146,6419.377574370709,2893.442516788454,9312.820091159163
147,6774.020594965675,2798.540778660042,9572.561373625716
148,7152.0526315789475,1677.6399911067565,8829.692622685703
149,4547.356521739131,1957.3068813596321,6504.6634030987625
150,6969.035469107552,2146.414033061042,9115.449502168594
151,5553.474828375286,1349.0518557991927,6902.526684174479
152,4573.54233409611,1904.0898507007364,6477.632184796847
153,5875.16933638444,2622.253367251024,8497.422703635464
154,7209.7528604119,3392.9700236294393,10602.722884041339
155,5659.292753623188,2489.334553110678,8148.627306733866
156,5772.102974828375,1912.4143131839078,7684.517288012283
157,8006.7265446224255,3951.606089197399,11958.332633819824
158,6718.29176201373,2829.691717756961,9547.98347977069
159,6339.372463768116,2348.6129885263063,8687.985452294422
160,4745.695652173913,1762.3536015545326,6508.049253728445
161,5976.490846681922,2456.852415033491,8433.343261715414
162,6421.022883295194,2907.1960534986306,9328.218936793824
163,6082.636155606408,1475.075126059006,7557.7112816654135
164,5053.420289855072,2510.2201095460046,7563.640399401076
165,3278.404347826087,1213.0590253617304,4491.4633731878175
166,4816.305491990846,2135.4611010000517,6951.766592990898
167,7668.900457665904,2808.3354433282107,10477.235900994114
168,6172.287185354691,2478.481141443083,8650.768326797774
169,5921.584668192219,2105.815628871188,8027.400297063407
170,4185.078947368421,1413.1762703638146,5598.255217732236
171,6966.04233409611,3039.158600376166,10005.200934472276
172,5715.236231884058,2349.551757217808,8064.787989101866
173,6837.804347826087,1972.0498028762242,8809.854150702311
174,4833.259420289855,2046.2394994081242,6879.4989196979795
175,4782.017162471396,1208.6630315112604,5990.680193982656
176,4362.203661327231,1871.8219664335616,6234.025627760793
177,3316.8684210526317,795.30692621627,4112.1753472689015
178,8328.990846681922,2611.335392764223,10940.326239446145
179,6016.481693363844,3182.4368047353187,9198.918498099163
180,5988.279176201373,1775.9164123267306,7764.195588528104
181,5240.902898550725,2295.2196361430447,7536.12253469377
182,4375.527459954234,1706.5617082757299,6082.089168229963
183,3829.134782608696,5080.230843026208,8909.365625634904
184,5428.807780320366,2182.5563329680717,7611.364113288438
185,5982.281464530893,1683.884494825407,7666.1659593563
186,3077.1057971014493,1165.84964585087,4242.95544295232
187,5214.259725400458,1422.1446871041223,6636.40441250458
188,4084.7608695652175,2340.200005813358,6424.960875378576
189,7242.8787185354695,2696.9549432436906,9939.833661779161
190,5838.314492753623,2428.122106017672,8266.436598771295
191,5589.585507246376,2146.513225613077,7736.098732859453
192,7093.673913043478,3915.184113364612,11008.85802640809
193,4417.550343249428,1730.1678718001474,6147.7182150495755
194,3965.271167048055,1578.5230955097468,5543.794262557802
195,8837.478260869566,3632.7804948320245,12470.25875570159
196,4316.188787185355,1141.111559653649,5457.300346839004
197,5689.430205949657,1574.317928066781,7263.748134016438
198,2402.8352402745995,869.7281942908079,3272.5634345654075
199,6538.185354691075,2435.7344532202756,8973.91980791135
200,6379.6178489702515,2755.9452572508153,9135.563106221067
201,4318.494279176201,1885.1039001749923,6203.598179351194
202,4994.510297482838,2109.6857291885703,7104.196026671409
203,5602.613272311213,2008.965578598696,7611.578850909909
204,4467.152173913043,1856.7532159999403,6323.905389912983
205,5422.630434782609,1254.1227202203652,6676.753155002974
206,5878.872997711671,3513.725336547765,9392.598334259435
207,9267.67162471396,2559.85335715965,11827.524981873608
208,2428.637299771167,758.987811581256,3187.625111352423
209,5178.101830663615,1661.887701194256,6839.989531857871
210,2644.403890160183,1098.8803988453012,3743.2842890054844
211,10710.108695652174,3970.989466867908,14681.098162520082
212,3972.2368421052633,994.9224250059127,4967.159267111176
213,6684.5560640732265,3237.7290482820767,9922.285112355303
214,7688.862700228833,2947.1001501420014,10635.962850370834
215,5148.479710144928,2174.973091996242,7323.45280214117
216,5965.258581235698,2304.9167942685513,8270.17537550425
217,3888.766590389016,1182.606206082728,5071.372796471744
218,4115.147826086956,1557.6123734502153,5672.7601995371715
219,2584.3524027459953,1212.5110259975672,3796.8634287435625
220,4041.549199084668,1698.6616225396158,5740.210821624284
221,4808.921052631579,960.4833016345661,5769.404354266146
222,4126.5743707093825,1002.1684909103449,5128.742861619728
223,5991.765446224256,1929.1144598812416,7920.879906105498
224,5402.679633867277,2608.870774825391,8011.550408692668
225,4288.980549199085,1662.2352929401227,5951.215842139207
226,6028.136155606408,2160.9568657260506,8189.093021332458
227,4878.823798627002,2144.8136145205026,7023.637413147505
228,6538.705949656751,2932.5024998679905,9471.208449524742
229,7105.381006864988,3455.315050193569,10560.696057058558
230,6260.602974828375,1722.9860067969107,7983.588981625286
231,3882.040579710145,1850.1931352927745,5732.23371500292
232,2714.83295194508,808.7948871036808,3523.6278390487605
233,7778.99771167048,3698.278260530822,11477.275972201303
234,9147.83409610984,4820.198119988522,13968.032216098363
235,4936.026315789473,2086.4258247625407,7022.452140552014
236,5886.886727688787,1423.806913255147,7310.693640943934
237,3752.3558352402747,1259.9920240965084,5012.347859336784
238,6230.461098398169,3006.7056827495203,9237.16678114769
239,4168.991990846682,1802.8250000158664,5971.816990862548
240,3989.2562929061787,800.5908833026888,4789.8471762088675
241,5427.076659038901,2346.5144442417845,7773.591103280685
242,3381.329519450801,1566.4930155904544,4947.822535041256
243,5810.430434782608,2561.753228529702,8372.18366331231
244,4345.648741418764,2746.5730571378945,7092.2217985566585
245,7328.467963386728,3181.103256430774,10509.571219817502
246,5868.893592677346,1433.3164462508196,7302.210038928165
247,7118.9256292906175,2823.856589037888,9942.782218328506
248,6967.189931350114,1712.712704668338,8679.902636018453
249,4382.028604118993,1145.4094652007923,5527.438069319785
250,6978.399313501144,3265.0562666941164,10243.455580195261
251,15778.688787185354,6398.539184606083,22177.227971791435
252,8756.95766590389,4390.188036369355,13147.145702273247
253,4744.632723112129,2689.398594330855,7434.031317442983
254,2472.024027459954,1133.8691682205886,3605.8931956805427
255,5167.009153318078,2212.1600420291575,7379.169195347235
256,8171.147597254005,3422.707567255013,11593.855164509017
257,4442.858123569794,1312.5942735834253,5755.452397153219
258,4597.071014492753,1746.1567596608631,6343.227774153616
259,11459.922196796339,2153.923427551953,13613.84562434829
260,5459.498855835241,1522.0131679640822,6981.512023799323
261,10455.846681922198,5380.223504942304,15836.070186864501
262,20717.765446224257,2356.994441682832,23074.75988790709
263,2986.942028985507,1343.3649816566028,4330.30701064211
264,5848.45995423341,1792.8405542651778,7641.300508498588
265,4060.0686498855835,1918.2621303264864,5978.33078021207
266,3641.5274599542336,1121.0089300542204,4762.536390008454
267,7719.633867276888,3010.8064354266767,10730.440302703564
268,4047.6727688787187,1661.6541270076098,5709.326895886328
269,7761.383295194508,3966.860980330072,11728.24427552458
270,7672.3352402745995,1665.6067352739433,9337.941975548543
271,6473.45652173913,2926.1387471471767,9399.595268886307
272,5157.2299771167045,2392.795753197466,7550.025730314171
273,5786.344393592677,2951.3018524566482,8737.646246049326
274,3926.9313501144165,1369.21157615072,5296.142926265136
275,6133.7,2164.774421546541,8298.47442154654
276,3404.607551487414,710.8129617114549,4115.420513198869
277,5284.201449275362,1795.6320186050236,7079.833467880386
278,5924.756292906179,1742.4512572348387,7667.207550141017
279,7199.878260869566,4412.5309865719555,11612.409247441521
280,5154.256292906179,1830.394561004084,6984.650853910262
281,4852.892448512585,1447.6926847844948,6300.58513329708
282,3650.7528604118993,846.513322468403,4497.266182880302
283,5770.131884057971,2803.2753893913064,8573.407273449277
284,4421.540579710145,1638.0301669328273,6059.570746642972
285,4243.703661327231,1794.0096024839825,6037.713263811213
286,4132.20938215103,1316.2793414263763,5448.488723577406
287,6657.321739130435,2848.901784561497,9506.223523691933
288,4603.169565217391,1950.050621783299,6553.22018700069
289,5249.08581235698,1873.5466242479206,7122.6324366049
290,5778.564073226545,2512.130303565598,8290.694376792142
291,6632.87528604119,1811.63234804982,8444.50763409101
292,4754.100686498856,6081.675384612432,10835.776071111288
293,5193.736842105263,1108.8980551083657,6302.634897213629
294,4749.670480549199,2113.0389987502376,6862.709479299437
295,4302.266590389016,1964.9063466229586,6267.172937011974
296,5766.654462242563,2001.18656004579,7767.841022288352
297,5741.900457665904,2172.971713329318,7914.8721709952215
298,6852.528985507246,2411.5984730338837,9264.12745854113
299,5705.239130434783,1962.794088556605,7668.033218991388
300,5838.756292906179,2828.82356591565,8667.579858821828
301,4607.504576659039,1188.8680654697737,5796.372642128813
302,3092.204805491991,1303.6101647433386,4395.814970235329
303,5016.193363844393,2252.721545849785,7268.914909694178
304,5883.990846681922,1576.464532406967,7460.4553790888895
305,4370.288329519451,1965.4642003383135,6335.752529857764
306,3552.5478260869563,1486.4040011282764,5038.951827215233
307,2240.704805491991,526.8813629372332,2767.586168429224
308,7623.407322654462,3275.6134298832435,10899.020752537706
309,5757.673913043478,2634.8299539779086,8392.503867021387
310,7788.286041189931,1917.772018068978,9706.058059258909
311,5479.4656750572085,2188.3006068875056,7667.766281944714
312,4604.927917620137,1787.830856005607,6392.758773625745
313,5860.0823798627,1728.015579215802,7588.097959078502
314,4247.763157894737,1833.4243664765793,6081.187524371316
315,3521.4816933638444,826.181692823086,4347.66338618693
316,8104.590389016018,3744.971717643625,11849.562106659643
317,4377.173913043478,1771.14769672125,6148.321609764728
318,6224.568649885584,1413.7096753644635,7638.278325250048
319,6488.501144164759,1951.1958710093636,8439.697015174122
320,12304.3352402746,3272.141526719925,15576.476766994525
321,4910.256292906179,1314.4248068184593,6224.6810997246375
322,4146.490846681922,1520.0078683879356,5666.498715069858
323,6063.216247139588,2332.336046042058,8395.552293181645
324,4723.7528604119,2036.4630094717136,6760.215869883614
325,5370.823798627002,2667.7211785189556,8038.544977145958
326,4100.41876430206,1690.5846919954422,5791.0034562975015
327,6356.419908466819,1715.1898757917336,8071.609784258552
328,3658.8272311212813,1394.070276080956,5052.897507202238
329,5706.451945080092,2298.334135159885,8004.786080239977
330,3450.6601830663617,1364.135930823315,4814.796113889677
331,5112.733409610984,2067.1959442551365,7179.92935386612
332,3086.242562929062,700.537707214786,3786.7802701438477
333,8095.025171624714,3069.7559762547194,11164.781147879434
334,4491.5308924485125,1940.476732178947,6432.007624627459
335,13287.002288329519,4238.601423082454,17525.60371141197
336,11512.403890160183,4426.622246967862,15939.026137128047
337,4161.2528604119,1682.4306295030337,5843.6834899149335
338,5987.813501144165,2492.6902756611803,8480.503776805344
339,4113.8787185354695,1824.0713038924916,5937.950022427961
340,5363.505720823799,1085.1132752519234,6448.618996075722
341,4539.696796338672,1847.8858395098323,6387.582635848505
342,9031.440579710144,2956.9841748531135,11988.424754563257
343,5902.590389016018,3101.11074229054,9003.701131306558
344,6976.201372997712,3085.5912978926017,10061.792670890314
345,3746.024637681159,1255.1500107511151,5001.174648432274
346,5592.113272311213,2546.4201443384422,8138.533416649656
347,3924.8192219679636,1956.597256358666,5881.41647832663
348,6861.13768115942,2944.246300556769,9805.38398171619
349,6004.509153318078,1768.0749063844373,7772.584059702514
350,5792.368421052632,2530.1105132944786,8322.47893434711
351,4982.844393592677,2082.1904511973503,7065.034844790027
352,5553.864988558353,1296.197802194717,6850.06279075307
353,5511.1212814645305,1557.741181991297,7068.862463455827
354,6912.136155606408,2811.5608072671926,9723.6969628736
355,7594.867276887871,2245.2196400776393,9840.08691696551
356,4669.672768878719,2167.697534583046,6837.370303461765
357,6312.218535469107,2072.973433146549,8385.191968615656
358,8515.654462242563,3784.498297827679,12300.152760070241
359,5664.5560640732265,2200.5107638531017,7865.066827926328
360,5755.686498855835,1753.9229231427098,7509.609421998545
361,5178.83409610984,1545.384161979015,6724.218258088855
362,7756.011441647597,3134.1514640675023,10890.1629057151
363,5905.472540045766,1432.9953209820521,7338.467861027819
364,3682.0,1566.2468988588785,5248.246898858879
365,4431.30579710145,2061.222850124247,6492.528647225697
366,5122.846681922197,1793.991665962188,6916.838347884384
367,4344.069794050343,1241.707663345357,5585.7774573957
368,7934.676201372998,5002.8262496299485,12937.502451002947
369,5691.423340961099,1946.5577387486724,7637.981079709771
370,6291.987414187643,3193.1512986925586,9485.138712880202
371,5707.178489702517,2217.428640511288,7924.607130213805
372,7216.881006864988,3575.2915027846193,10792.172509649608
373,3724.3684210526317,1517.016314001835,5241.384735054467
374,5805.7528604119,1386.9674201184569,7192.720280530357
375,7558.600686498856,3092.493115195084,10651.09380169394
376,6934.601830663615,1926.396980335672,8860.998810999286
377,6468.961098398169,2410.2119971434327,8879.173095541602
378,5189.089244851259,2434.3447072921363,7623.433952143395
379,3223.6350114416477,857.2532325047508,4080.8882439463987
380,11931.326086956522,5104.434906652156,17035.760993608677
381,7430.977116704806,1875.5145695148738,9306.491686219679
382,6601.620137299771,1848.2801126920383,8449.90024999181
383,14317.421052631578,5332.030954048103,19649.452006679683
384,7323.454233409611,3073.950605761975,10397.404839171586
385,6010.281159420289,2317.2683684368194,8327.549527857109
386,6677.076659038901,2776.155399278181,9453.232058317082
387,7566.1830663615565,3609.6649993198807,11175.848065681437
388,8465.74942791762,3732.7600515279355,12198.509479445556
389,8540.802059496567,2700.893912191085,11241.695971687652
390,9525.491990846682,2408.7389898947827,11934.230980741464
391,4666.553775743707,2177.4196626327,6843.973438376406
392,6009.638443935927,2681.001973080046,8690.640417015973
393,4863.078947368421,2151.7411470142683,7014.820094382689
394,6884.234553775744,2737.9173121969516,9622.151865972695
395,3295.1647597254005,1395.2950970669697,4690.45985679237
396,8429.552631578947,3364.1854398316864,11793.738071410633
397,4572.866132723112,2144.6828294267593,6717.548962149871
398,4563.162471395881,1633.550228819382,6196.712700215263
399,4514.13768115942,2010.6738236018707,6524.811504761291
400,7243.485125858124,2194.0904824973213,9437.575608355444
401,5776.95881006865,2027.3597092664902,7804.31851933514
402,4840.470251716247,1619.0152819645389,6459.485533680786
403,6146.407322654462,2750.792579132231,8897.199901786693
404,3833.429061784897,1658.9226922865616,5492.351754071458
405,3721.9267734553778,1797.1840872558441,5519.110860711222
406,4977.58581235698,2284.193828697183,7261.779641054163
407,3146.6985507246377,1334.9418203714854,4481.640371096123
408,3869.9736842105262,1385.7487896535333,5255.72247386406
409,4531.363844393592,2215.7237115760836,6747.087555969676
410,5312.3821510297485,2319.2532266645776,7631.635377694326
411,7521.628146453089,3111.848821089882,10633.47696754297
412,7416.56231884058,3100.6026474278306,10517.16496626841
413,5768.565217391304,2241.6597906069073,8010.225007998211
414,5296.232265446224,2112.3566326854084,7408.588898131633
415,5151.448512585813,3182.15452564075,8333.603038226564
416,9124.868421052632,3269.7969983836824,12394.665419436315
417,6335.2517162471395,3076.375899167677,9411.627615414816
418,4334.242562929062,1913.8724809635487,6248.115043892611
419,4409.131578947368,1409.493299880122,5818.624878827491
420,3666.217391304348,1647.8062699261156,5314.023661230463
421,7942.4439359267735,3075.7059042144538,11018.149840141228
422,3796.7860411899314,962.6426746466601,4759.428715836591
423,10759.097254004577,2302.4296415742756,13061.526895578852
424,5690.346681922197,3028.814086298497,8719.160768220694
425,2659.528604118993,1144.1284098254725,3803.6570139444657
426,4188.932494279176,1569.1306113142555,5758.063105593432
427,6265.792753623188,3803.2235786883107,10069.0163323115
428,5110.802898550724,1992.800536654001,7103.603435204725
429,4349.782608695652,1518.1681269656845,5867.950735661337
430,7033.724637681159,2846.80142417295,9880.526061854109
431,7844.580091533181,3679.9616949745446,11524.541786507725
432,9082.243707093821,3669.8862951312185,12752.13000222504
433,4865.518306636156,1153.5804193461895,6019.098725982345
434,8073.898550724638,3033.247778232364,11107.146328957002
435,2714.438215102975,1057.6897351892148,3772.12795029219
436,4550.480549199085,1080.6710792058354,5631.15162840492
437,6095.45995423341,2221.942439643545,8317.402393876955
438,4227.807780320366,1797.2137112858697,6025.021491606236
439,6066.434782608696,1287.5335246803143,7353.96830728901
440,4230.061784897025,1973.9259522215846,6203.987737118609
441,5201.021739130435,2442.3574959117996,7643.3792350422345
442,3591.572082379863,1498.9176266314444,5090.489709011307
443,4335.8352402745995,897.6703970134427,5233.505637288043
444,10058.863844393592,2525.2108466814425,12584.074691075035
445,7060.818077803204,3121.8052295082457,10182.623307311449
446,4085.6773455377574,1724.626725601355,5810.304071139112
447,4403.065217391304,1160.6262862710225,5563.691503662327
448,6999.926773455378,2782.8249454648962,9782.751718920274
449,9344.491990846682,4221.4235682877725,13565.915559134453
450,7209.731121281465,3966.069523621275,11175.80064490274
451,4484.828375286042,1949.1789135248328,6434.007288810874
452,4290.663615560641,1278.7219637724227,5569.385579333064
453,7160.434782608696,2569.949033645529,9730.383816254225
454,4769.757437070938,1250.2357272942168,6019.993164365154
455,6024.37528604119,3175.975414936454,9200.350700977644
456,5121.532036613272,2221.5306314699924,7343.062668083265
457,3907.817391304348,1676.6616317428143,5584.479023047163
458,6263.132723112129,2625.6154494494895,8888.748172561618
459,7618.826086956522,3025.7969402949725,10644.623027251495
460,3077.154462242563,956.9358337207034,4034.0902959632667
461,3989.171624713959,1457.971266563685,5447.142891277644
462,4004.820366132723,1043.2718993844985,5048.092265517222
463,5030.405034324943,2170.4836677259673,7200.88870205091
464,8845.032036613273,1538.6302214284844,10383.662258041757
465,6393.95881006865,2569.1714619554223,8963.130272024071
466,6362.921052631579,2995.7196492493526,9358.640701880931
467,11118.58123569794,5629.480718674847,16748.061954372788
468,5562.322654462243,1795.2786475661092,7357.601302028352
469,9898.643020594965,3460.0870191023378,13358.730039697304
470,10834.609839816934,4086.8795275525276,14921.489367369462
471,5817.771014492753,2097.0113890152566,7914.78240350801
472,4317.95995423341,1483.1085612348968,5801.068515468307
473,2940.7768878718534,1144.1693350289404,4084.946222900794
474,6236.660183066361,1489.4067065466443,7726.0668896130055
475,5327.537757437071,1945.981925993326,7273.519683430397
476,4821.545766590389,1349.4451911599613,6170.9909577503495
477,5058.978260869565,1959.150977541809,7018.129238411374
478,5645.45766590389,1850.315324459596,7495.772990363486
479,9298.281464530892,3746.869221622418,13045.150686153309
480,4104.9176201373,875.9698685518003,4980.887488689101
481,4228.962242562929,1887.3272585817488,6116.289501144677
482,6940.20938215103,1714.5184212131674,8654.727803364198
483,4091.9931350114416,1687.8721029092023,5779.865237920644
484,6409.215102974828,1744.2308287267972,8153.445931701625
485,3950.378260869565,1645.5140878496538,5595.892348719219
486,3512.889016018307,1741.9576852875045,5254.846701305812
487,5800.019450800915,1916.679029714884,7716.698480515799
488,3059.2505720823797,688.6649831237845,3747.9155552061643
489,6016.805491990846,2593.248143679821,8610.053635670667
490,6755.317391304347,2570.43673304096,9325.754124345307
491,5539.689931350114,2131.457002213098,7671.146933563212
492,6329.639130434783,2520.9546381928,8850.593768627583
493,6813.686498855835,3579.025819409525,10392.71231826536
494,7650.367276887871,1835.0587817223968,9485.426058610268
495,4217.178489702517,1709.8290709271998,5927.007560629717
496,6406.228832951945,2083.962001274339,8490.190834226283
497,7508.355835240274,2742.0120714039817,10250.367906644256
498,5723.292753623188,2396.887277148763,8120.180030771951
499,4208.737986270023,1749.484032294337,5958.22201856436
500,4320.9,2012.212269051262,6333.112269051262
501,4430.834782608696,1628.4879579741385,6059.322740582834
502,8900.900457665904,4332.939814913948,13233.840272579851
503,5518.231121281465,2284.1432315554466,7802.374352836911
504,5531.45652173913,1825.1743838611503,7356.63090560028
505,3910.2745995423343,1960.4096398988747,5870.684239441209
506,6278.286041189931,3004.507677635809,9282.79371882574
507,6967.721967963386,3372.33741849766,10340.059386461046
508,5527.964530892448,2925.5611519946924,8453.52568288714
509,5065.384439359268,2170.6517199052237,7236.036159264491
510,6753.175057208238,3116.4871033306467,9869.662160538885
511,4695.929061784897,1331.0390769388707,6026.968138723768
512,5357.704347826087,1704.2961070048311,7062.000454830918
513,15136.87757437071,3125.1173566725824,18261.994931043293
514,4685.365217391304,2019.1952773993341,6704.560494790639
515,7478.237986270023,3509.2734424455143,10987.511428715537
516,4844.754004576659,2611.395071626267,7456.149076202926
517,4787.609839816933,1565.7566550798028,6353.366494896736
518,4787.0,2471.6447458310417,7258.644745831041
519,4402.648741418764,1181.8046817311817,5584.453423149946
520,3192.159038901602,864.0530106671679,4056.2120495687695
521,4272.116704805492,1880.3109669395105,6152.427671745003
522,6695.091304347826,2956.6841243411477,9651.775428688974
523,12985.699084668193,2026.9647000877799,15012.663784755972
524,7185.604118993135,1611.752193635932,8797.356312629066
525,8538.91304347826,1175.1379737674333,9714.051017245692
526,8808.379862700229,3005.191142205994,11813.571004906222
527,8869.25171624714,3607.717280998244,12476.968997245383
528,8822.348970251716,4439.332602664739,13261.681572916455
529,6473.662471395881,1275.1847495485988,7748.84722094448
530,4328.862700228833,1583.6135242473893,5912.476224476222
531,4059.954233409611,1237.0337500996266,5296.987983509238
532,8990.550343249428,3402.920370519615,12393.470713769042
533,7879.7528604119,4388.098236833004,12267.851097244904
534,6141.31884057971,3634.507042091735,9775.825882671445
535,6686.232265446224,3180.883664135317,9867.115929581541
536,6873.986270022883,3766.0911969685108,10640.077466991394
537,4562.2471395881,2279.1463859497635,6841.393525537864
538,3196.70823798627,713.4344934483729,3910.142731434643
539,9229.642028985507,3545.2204955760194,12774.862524561526
540,4518.827536231884,2220.1058406730426,6738.933376904926
541,5537.724256292906,2894.818232737146,8432.542489030053
542,5114.352173913044,1776.1749756386205,6890.5271495516645
543,2311.842105263158,1102.7278454218902,3414.569950685048
544,11673.58123569794,3502.3962940650385,15175.977529762979
545,8740.91418764302,5063.690584750889,13804.604772393908
546,11298.112128146453,2681.757686334626,13979.869814481079
547,4679.88115942029,2376.4804574563204,7056.36161687661
548,4129.504576659039,1646.8629520809009,5776.36752873994
549,3845.87528604119,1025.0727594058862,4870.948045447076
550,4958.494279176201,2158.572690508654,7117.066969684855
551,5439.122425629291,2252.805980609099,7691.92840623839
552,6377.915331807781,3760.0602408011932,10137.975572608973
553,5768.275743707094,2571.859735018929,8340.135478726022
554,3662.508009153318,1439.2908555635163,5101.798864716835
555,4263.844927536232,1358.4255917979199,5622.270519334152
556,5951.614416475973,1396.9227625797669,7348.537179055739
557,3627.8867276887872,1426.9431998522027,5054.82992754099
558,2689.12356979405,851.1547229290705,3540.2782927231206
559,4851.868421052632,1906.2458965740645,6758.114317626696
560,10739.502288329519,2407.0964501361545,13146.598738465673
561,5700.073226544622,2503.0726771300533,8203.145903674675
562,18019.637299771166,1680.2418718935282,19699.879171664696
563,4592.036613272311,1770.7306645851302,6362.7672778574415
564,4531.506864988558,1809.915242177518,6341.422107166076
565,5473.651029748284,2315.3778586874205,7789.028888435704
566,4040.2151029748284,1217.2178314121506,5257.4329343869795
567,4340.08581235698,2004.5330115478748,6344.618823904854
568,4013.7128146453088,1808.8623699341256,5822.575184579435
569,3750.608695652174,1026.484177366667,4777.092873018841
570,3764.758581235698,1452.1630983152759,5216.921679550974
571,6287.369565217391,2580.9562415111677,8868.325806728559
572,5654.480549199085,2462.737869550863,8117.218418749948
573,3253.6782608695653,1305.5704028778662,4559.248663747431
574,7290.553775743707,2756.833772236322,10047.38754798003
575,4401.965217391305,2981.5810013225428,7383.546218713847
576,5814.636155606408,1375.5570071914924,7190.1931627979
577,4121.393592677346,1187.2046735734752,5308.598266250821
578,7664.9473684210525,2154.183843443763,9819.131211864817
579,6870.327231121281,2773.387173519887,9643.714404641169
580,8490.827231121282,1978.3659097475474,10469.193140868829
581,4417.112128146453,1815.4151783135605,6232.527306460013
582,5849.719679633868,2309.4762882739324,8159.1959679078
583,3562.8478260869565,587.3810340666995,4150.228860153656
584,3901.5800915331806,1879.0535899541478,5780.633681487328
585,4751.237986270023,1611.5192169314785,6362.757203201501
586,12429.141876430205,5795.370280415458,18224.512156845663
587,7826.1,4142.773476735707,11968.873476735707
588,5094.33409610984,1453.3313926857559,6547.665488795596
589,3723.337528604119,1957.9328694417961,5681.2703980459155
590,4082.978260869565,1524.8658811300343,5607.8441419996
591,4683.83295194508,1996.2637108071142,6680.096662752194
592,3676.121281464531,1640.5942632953384,5316.715544759869
593,7882.390160183067,2850.5974362412267,10732.987596424293
594,3438.4679633867277,930.7497858991419,4369.21774928587
595,12481.75057208238,3096.571289100658,15578.321861183038
596,3720.805491990847,1039.2488826829265,4760.054374673773
597,4183.475972540045,1918.0780909274192,6101.554063467464
598,4825.172463768116,1745.061629475569,6570.2340932436855
599,8102.479405034325,1567.4593580431003,9669.938763077425
600,5783.680778032037,2098.1925666361726,7881.873344668209
601,4032.37643020595,1572.6557622985247,5605.032192504475
602,5207.660183066361,2216.0279397885793,7423.688122854941
603,5586.012585812357,2573.037626931307,8159.050212743665
604,6576.411594202898,2312.598540170722,8889.01013437362
605,5766.675057208238,3024.8219508899324,8791.497008098171
606,4853.455377574371,1072.8166103779365,5926.271987952307
607,3238.427917620137,1178.9137636887656,4417.3416813089025
608,7687.915331807781,3949.96752820688,11637.88286001466
609,3839.7768878718534,1014.5545849123391,4854.331472784193
610,3465.5732265446222,1345.2753392680752,4810.848565812697
611,4722.966666666666,1968.4610146632747,6691.427681329941
612,5614.62463768116,2432.187382804237,8046.812020485397
613,5606.268878718535,1066.3274986909762,6672.596377409512
614,5446.91418764302,1818.785058507272,7265.699246150292
615,8057.614416475973,2900.531441392474,10958.145857868447
616,7022.205949656751,2837.5610308471146,9859.766980503866
617,5237.54004576659,1462.2752750839434,6699.815320850534
618,5610.776887871853,2257.5790336270925,7868.3559214989455
619,3514.510144927536,1702.5514610127266,5217.061605940263
620,6291.604347826087,2661.5993805996927,8953.20372842578
621,4880.6212814645305,1952.8190360452627,6833.440317509793
622,3577.6315789473683,996.1151818237396,4573.746760771108
623,5811.612128146453,2496.1500863076444,8307.762214454098
624,5801.367276887871,2701.570877048918,8502.93815393679
625,5191.66933638444,2208.566483003868,7400.235819388308
626,7745.3421052631575,2864.5037464867114,10609.84585174987
627,4911.037757437071,2211.7476386724943,7122.785396109566
628,5172.120137299771,2564.159548536789,7736.27968583656
629,6347.336231884058,2063.9526357416103,8411.288867625668
630,5781.274599542334,2382.238346807315,8163.512946349649
631,4469.728832951945,1214.8251343889885,5684.553967340934
632,5802.08581235698,1128.7769491214358,6930.862761478415
633,5897.969565217391,2482.7811701606684,8380.75073537806
634,5541.275743707094,1935.3502395632531,7476.625983270347
635,4875.16590389016,1593.271553423299,6468.437457313459
636,4796.623188405797,3668.6570946460597,8465.280283051856
637,7086.165217391304,2612.1266785692237,9698.291895960529
638,4860.411594202898,1758.3814972247742,6618.793091427673
639,3927.104118993135,1383.0821678032373,5310.186286796373
640,9485.12700228833,4234.0774391577,13719.204441446029
641,4783.58352402746,2101.407947093072,6884.991471120532
642,3033.599542334096,1337.881421349123,4371.480963683219
643,6651.278032036614,2469.784085493105,9121.062117529718
644,7270.9,2801.810992365638,10072.710992365637
645,8824.194508009154,5071.868813714567,13896.063321723721
646,4102.48695652174,1682.7351663850145,5785.2221229067545
647,4778.588100686499,1268.498082754049,6047.086183440548
648,5465.734553775744,1354.3124482632702,6820.047002039014
649,3040.2780320366132,808.8413733797707,3849.119405416384
650,5228.142028985507,2101.644736396638,7329.786765382145
651,6300.371853546911,2254.4026635280234,8554.774517074933
652,5478.136155606408,2065.590370076993,7543.726525683401
653,4883.193363844393,2045.3187887159788,6928.512152560372
654,5326.498855835241,1925.3732633106426,7251.8721191458835
655,6598.282608695652,3652.9201424170756,10251.202751112727
656,2684.840961098398,1303.2374453011091,3988.078406399507
657,4999.300915331808,2564.5496593262515,7563.8505746580595
658,5011.844393592677,2070.4850990808595,7082.329492673536
659,4681.400457665904,1769.2609380766683,6450.661395742572
660,3728.6057971014493,1569.797477178799,5298.403274280248
661,5823.591533180778,2457.8871407835686,8281.478673964346
662,7019.931350114416,2024.4095930788558,9044.340943193272
663,3760.0102974828374,2048.0801389572184,5808.090436440056
664,4066.475972540046,1293.7398645256283,5360.215837065674
665,6743.614416475973,2707.124607331806,9450.739023807779
666,5754.279176201373,2660.49730637033,8414.776482571702
667,7288.5343249427915,1686.7313760370257,8975.265700979817
668,7421.3169336384435,1634.6263103057472,9055.943243944192
669,3651.8,1636.8385508681167,5288.638550868117
670,5373.189855072464,2064.990943953822,7438.180799026286
671,4778.001449275363,2301.077574487054,7079.079023762417
672,7322.1613272311215,1465.4879428992715,8787.649270130392
673,5819.653318077803,2959.566624596877,8779.219942674681
674,6465.820366132723,3217.1075855859935,9682.927951718717
675,3568.4816933638444,1724.0764016253484,5292.558094989193
676,7376.20709382151,2435.8940486100123,9812.101142431522
677,6560.711594202899,2422.4531592596873,8983.164753462586
678,6009.20823798627,3566.9622648068143,9576.170502793084
679,8256.991990846682,1853.5182544438317,10110.510245290514
680,4322.771167048055,1653.6935804493853,5976.46474749744
681,2869.0434782608695,1417.9950624720468,4287.038540732916
682,11195.955377574372,2472.0382697970604,13667.993647371432
683,7642.383295194508,2205.982349413103,9848.365644607611
684,6213.392753623189,3128.4789344371006,9341.87168806029
685,5516.176201372998,2337.8102087405036,7853.986410113501
686,5161.511441647597,1742.5874457419932,6904.09888738959
687,6860.813501144165,3030.2577015233505,9891.071202667516
688,2986.5263157894738,873.2010225388212,3859.727338328295
689,5847.152173913043,1976.736798832554,7823.888972745597
690,4617.486270022883,1920.6099277714675,6538.096197794351
691,6917.741418764302,3164.261138611118,10082.00255737542
692,5435.996567505721,2960.8160057675273,8396.812573273248
693,5464.343249427918,3509.333312894893,8973.676562322811
694,6556.682608695653,2523.5073768928637,9080.189985588517
695,4432.575514874142,2803.519555356129,7236.095070230271
696,6442.982837528604,2798.5076210184907,9241.490458547094
697,8771.408466819223,4314.785127212212,13086.193594031434
698,12846.16704805492,3572.5483571021305,16418.71540515705
699,6777.096109839817,2924.7925503077718,9701.888660147588
700,3475.5102974828374,1356.7795261947213,4832.289823677558
701,4718.272463768116,2141.14613058748,6859.418594355596
702,3584.108695652174,1271.7606862019366,4855.8693818541105
703,2720.5297482837527,1019.6219871929273,3740.15173547668
704,8577.159038901602,1766.3111259943555,10343.470164895958
705,6571.961098398169,3997.9964625056296,10569.957560903798
706,4690.746376811594,1941.7304888398962,6632.47686565149
707,6843.597254004577,3951.4242525994964,10795.021506604073
708,3229.9977116704804,1177.477703224595,4407.475414895075
709,8184.012585812357,2059.0280012760295,10243.040587088388
710,3704.2,1748.010501652193,5452.210501652193
711,5761.533333333334,1796.7731557241357,7558.30648905747
712,5279.160869565218,1933.0815787019967,7212.242448267214
713,8925.068649885583,3977.4367293603805,12902.505379245964
714,3708.974828375286,1750.4072394659229,5459.3820678412085
715,5339.464530892448,1564.0807841290684,6903.545315021516
716,4679.401449275362,1813.1751979023552,6492.576647177717
717,4595.811212814645,2247.049071966858,6842.860284781503
718,6571.754004576659,2896.6913282236706,9468.44533280033
719,4405.188405797101,1875.4048252217985,6280.5932310189
720,5942.54004576659,1955.4215473866734,7897.9615931532635
721,6375.527459954234,2469.095463463522,8844.622923417755
722,8260.45652173913,1915.4401341992536,10175.896655938384
723,5761.87528604119,2728.3468147138187,8490.222100755009
724,5615.572082379863,2792.1673776031016,8407.739459982964
725,4764.926773455378,1225.8721162653737,5990.7988897207515
726,9122.560640732265,3059.427577559274,12181.988218291539
727,3738.307780320366,1473.4629866899002,5211.770767010266
728,4304.078947368421,1743.522768186733,6047.6017155551535
729,8677.79633867277,4381.8837958977465,13059.680134570517
730,6727.938215102975,1205.2345440419094,7933.172759144884
731,7601.3569794050345,3452.3283190610045,11053.68529846604
732,5299.640732265446,1909.4928890369408,7209.133621302387
733,14950.821510297483,1762.6027648441675,16713.42427514165
734,4959.525171624714,2054.3917998331917,7013.916971457906
735,4560.04347826087,1443.9746782241307,6004.018156485001
736,4312.773913043478,1972.852548029671,6285.62646107315
737,5039.589244851259,2935.311460015254,7974.900704866513
738,7000.04347826087,2881.429784873412,9881.473263134281
739,7741.053623188406,3613.092549506537,11354.146172694944
740,5725.152173913043,2338.881164469881,8064.033338382924
741,6288.129290617849,1453.98919370442,7742.118484322269
742,6609.16704805492,3078.604849987401,9687.771898042321
743,3148.1064073226544,938.8444662621513,4086.950873584806
744,5896.894202898551,2379.441979376945,8276.336182275496
745,6188.355835240274,2334.7134434236764,8523.06927866395
746,4956.591533180778,2266.995723944113,7223.587257124891
747,6631.600686498856,1818.9929075698305,8450.593594068687
748,4732.6830663615565,2096.335073536714,6829.01813989827
749,4309.201372997712,1644.5852941293256,5953.786667127037
750,4094.8724637681157,1675.929133965528,5770.801597733644
751,3481.5549199084667,1321.1675695172385,4802.722489425705
752,4330.844393592677,2079.39371253144,6410.238106124118
753,7222.572082379863,3100.6999264384385,10323.272008818301
754,6746.212814645309,1872.0569003047422,8618.269714950051
755,8648.88100686499,1842.5959269547648,10491.476933819755
756,13641.17162471396,7212.664959796857,20853.836584510816
757,5072.862700228833,2117.2294732451905,7190.092173474024
758,3985.4645308924487,1557.2182697817434,5542.682800674193
759,5770.410755148741,3071.846293285397,8842.257048434138
760,6251.168192219679,1985.5791001683208,8236.747292388
761,7217.347826086957,2276.2389252780986,9493.586751365056
762,3132.79061784897,1340.6554567833723,4473.446074632342
763,5081.935926773455,950.3837383824984,6032.319665155954
764,2847.2562929061787,1363.6805632336127,4210.936856139791
765,6985.763157894737,3485.6457305244417,10471.408888419179
766,4961.307246376811,1978.4434804056093,6939.75072678242
767,4996.908466819222,1136.548318918382,6133.456785737604
768,10761.62814645309,4034.1458588181854,14795.774005271274
769,10754.959954233409,2307.9981103380624,13062.95806457147
770,5440.419908466819,1808.501582202167,7248.921490668986
771,5474.827536231884,2047.7296589562304,7522.557195188114
772,2950.279176201373,896.760868302439,3847.040044503812
773,4755.742562929062,1829.8983008146902,6585.640863743753
774,4563.093821510298,1076.3187222359782,5639.412543746276
775,7124.401449275362,2556.887306260641,9681.288755536003
776,3940.766590389016,1848.8793081071508,5789.645898496166
777,3267.2883295194506,1390.5666463183206,4657.854975837771
778,4843.046376811594,1763.7985911758333,6606.8449679874275
779,5884.692219679634,1609.0704617105691,7493.762681390203
780,5405.8169336384435,1766.558633697642,7172.375567336086
781,4079.7185354691073,865.4523739177225,4945.17090938683
782,4532.974828375286,2329.9286241449445,6862.9034525202305
783,5668.631578947368,1235.766528506569,6904.398107453937
784,6454.231121281465,2764.912739494076,9219.14386077554
785,5326.939359267734,3134.463187373156,8461.40254664089
786,2960.072082379863,633.7395506677633,3593.811633047626
787,8437.4176201373,2090.9340648229727,10528.351684960271
788,14913.20938215103,2337.879852595392,17251.08923474642
789,2759.840961098398,1766.6550539806028,4526.496015079001
790,6157.45766590389,2335.471933659461,8492.929599563351
791,6268.872997711671,3592.902112733393,9861.775110445064
792,6109.696796338672,2999.887648414635,9109.584444753307
793,3974.0183066361556,2049.1238104758113,6023.142117111967
794,2535.1647597254005,1104.5548600600303,3639.719619785431
795,3756.008009153318,1600.7135098557542,5356.721519009072
796,5950.975972540045,2893.2056972519053,8844.181669791951
797,3372.366666666667,1632.1456314706031,5004.51229813727
798,6164.91418764302,1697.4297164656905,7862.343904108711
799,8173.400457665904,3438.808464695481,11612.208922361384
800,4437.381006864988,1727.8225535552585,6165.2035604202465
801,3984.974828375286,1341.9493774450455,5326.924205820332
802,5670.829519450801,1887.564479951764,7558.393999402565
803,4930.813501144165,1840.3308932209961,6771.144394365161
804,4004.8217391304347,1619.8689778848232,5624.690717015258
805,5008.395652173913,1960.5293255387073,6968.924977712621
806,5561.447826086956,2300.1898776031107,7861.637703690067
807,8114.284897025172,3293.4871641817113,11407.772061206882
808,6001.33409610984,2169.1887275038307,8170.522823613671
809,7721.994279176201,4242.011390087951,11964.005669264152
810,4894.3169336384435,1800.6237156268198,6694.940649265263
811,3428.37528604119,864.3357350920976,4292.711021133287
812,5256.891304347826,1016.1578522245458,6273.049156572371
813,4773.680778032037,2048.5715517388903,6822.252329770927
814,7008.363844393592,2312.7377028809983,9321.101547274591
815,7018.763768115942,2155.834667015085,9174.598435131027
816,4255.843249427918,1818.3376361997946,6074.180885627712
817,18084.399313501144,4278.839766499774,22363.239080000916
818,5045.721967963386,2139.6551392013193,7185.377107164706
819,5066.00228832952,1028.299939816204,6094.302228145723
820,9892.455072463768,3712.9134993445973,13605.368571808365
821,5753.987414187643,2009.317697660138,7763.305111847781
822,6441.12356979405,2139.5860140757063,8580.709583869757
823,4800.923340961099,955.5736286684662,5756.496969629565
824,5645.6395881006865,1341.2814132954218,6986.921001396108
825,3695.9797101449276,1596.3432356531534,5292.3229457980815
826,7260.66590389016,2953.035299014316,10213.701202904476
827,10438.110983981693,3931.466068254697,14369.57705223639
828,4291.993135011442,1030.1902972296193,5322.183432241061
829,4911.718535469107,2053.347050254986,6965.065585724093
830,5085.384439359268,1827.7739465911234,6913.158385950392
831,10467.921052631578,5228.906631312748,15696.827683944326
832,5405.37643020595,2105.3701759240275,7510.746606129977
833,4550.713958810069,1935.4807149836035,6486.194673793672
834,4858.49771167048,1254.0270438110374,6112.524755481518
835,4193.6613272311215,2193.6031010060647,6387.264428237186
836,4858.891304347826,1419.8718561587036,6278.76316050653
837,2726.3009153318076,1310.1343243161325,4036.43523964794
838,6586.756292906179,1585.1887771086508,8171.94507001483
839,4330.781464530893,795.6340711361314,5126.415535667024
840,6129.962242562929,1457.2231266724693,7587.185369235398
841,2475.62471395881,467.0182809215768,2942.6429948803866
842,15053.663768115943,6005.370236503524,21059.03400461947
843,7861.090389016018,1691.228622347381,9552.3190113634
844,3449.414187643021,1509.5805892623544,4958.994776905375
845,3957.401601830664,1918.709606265455,5876.111208096119
846,7609.75057208238,4033.2373454481963,11642.987917530576
847,5879.653318077803,2346.860385690857,8226.51370376866
848,5336.086956521739,2951.1678100115073,8287.254766533246
849,6758.954233409611,1137.4863436802873,7896.440577089898
850,5065.173913043478,2498.0242921888016,7563.19820523228
851,4473.953623188406,1724.0784812881973,6198.032104476603
852,3822.0400457665905,1607.695097415233,5429.735143181823
853,7579.177345537757,3531.664684174434,11110.842029712192
854,5460.54233409611,1510.0090582521177,6970.551392348228
855,4724.557208237986,2411.911809578481,7136.469017816467
856,5920.686498855835,1379.8852662585275,7300.571765114363
857,6119.0526315789475,2567.5866746980937,8686.63930627704
858,3862.9217391304346,1524.1333559308166,5387.055095061251
859,6099.244927536231,2408.894354337647,8508.139281873879
860,4752.032036613272,1625.319259108994,6377.351295722266
861,2810.2151029748284,1379.3397073364085,4189.554810311237
862,7125.780320366132,2045.3167283654418,9171.097048731574
863,7209.026315789473,1561.0073122961705,8770.033628085645
864,3499.219679633867,1448.6057436877372,4947.825423321605
865,6217.983981693364,2681.462894650048,8899.446876343412
866,5683.807780320366,2591.733094914508,8275.540875234874
867,4006.8718535469106,835.3113148191479,4842.183168366058
868,7905.506864988558,3332.7335146559158,11238.240379644474
869,4946.304347826087,1644.0009925960517,6590.305340422139
870,5655.754004576659,1465.4665198657667,7121.220524442426
871,5142.351258581236,2422.1285803184496,7564.479838899686
872,7098.235697940503,2559.7127529146023,9657.948450855105
873,3173.1681922196794,775.5699710312564,3948.738163250936
874,3784.604118993135,928.023796442148,4712.627915435283
875,4182.74942791762,1463.6035817841278,5646.353009701747
876,7556.3604118993135,8067.985055347896,15624.34546724721
877,5395.62471395881,1665.5025312239295,7061.12724518274
878,7218.068649885584,2224.039811423663,9442.108461309246
879,3048.913043478261,1341.463029706339,4390.3760731846
880,6149.901601830664,2725.0094481193732,8874.911049950037
881,3473.7848970251716,1871.9308587415298,5345.7157557667015
882,5387.220823798627,1959.7082111471052,7346.929034945732
883,3944.0274599542336,1631.5046294232448,5575.532089377479
884,4471.886956521739,1833.3814013707852,6305.268357892524
885,4468.557208237986,2257.844729350758,6726.401937588744
886,5289.839816933639,2364.1058948483255,7653.945711781964
887,5618.244851258582,2422.8844654890695,8041.129316747651
888,6592.569794050343,1689.6826980475248,8282.252492097869
889,3419.8318077803206,863.0593663607281,4282.891174141048
890,4639.628985507246,2156.4144437171826,6796.043429224429
891,6593.346681922197,2810.2600949205425,9403.606776842738
892,6285.151029748284,2262.540149548942,8547.691179297226
893,5235.660869565218,2107.9691863921935,7343.630055957411
894,6905.511441647597,2983.2932641223406,9888.804705769937
895,7635.136155606408,3543.634800490316,11178.770956096723
896,5753.053775743707,1392.350647066363,7145.40442281007
897,2899.2254004576657,1174.0688666211665,4073.2942670788325
898,5468.713958810069,1896.5311811466634,7365.245139956733
899,4360.644164759726,1564.7696402059341,5925.413804965659
900,4738.347826086957,2050.531634376497,6788.879460463454
901,6010.4473684210525,1367.1645733457726,7377.611941766825
902,4065.913043478261,1218.4062418964056,5284.319285374667
903,9581.549275362318,3766.652683210206,13348.201958572525
904,4947.859420289855,1602.0356691419818,6549.895089431837
905,7139.323798627002,2507.7980369147635,9647.121835541766
906,9052.160183066362,3877.1601016072036,12929.320284673566
907,5145.869565217391,2635.514709556483,7781.3842747738745
908,3512.3935926773456,1715.7402298940435,5228.133822571389
909,8592.065217391304,11576.622793995648,20168.688011386952
910,4699.295194508009,1474.2125659727974,6173.507760480807
911,8203.163615560641,1613.0374481783995,9816.201063739041
912,4790.018306636156,1269.9327640506422,6059.951070686799
913,7310.926773455378,3335.2537952166217,10646.180568672
914,7916.263157894737,2228.0719807247624,10144.335138619499
915,5150.892753623189,2268.7847157525953,7419.677469375783
916,4411.288329519451,2045.555161752015,6456.843491271466
917,5538.7734553775745,2044.922396492735,7583.6958518703095
918,4281.851258581236,1107.8884156172298,5389.739674198466
919,4516.001449275363,1998.4001083227045,6514.401557598067
920,4686.595652173913,2056.3920027169743,6742.987654890887
921,7861.311212814645,2177.7429172009797,10039.054130015626
922,6069.016018306636,2294.0557673455287,8363.071785652166
923,4405.518306636156,1336.1846061063754,5741.702912742531
924,3931.8729977116705,1580.070919360444,5511.943917072114
925,5424.009153318078,2701.2155756635084,8125.224728981586
926,5981.766590389016,2773.9355267939695,8755.702117182986
927,5360.8604118993135,2338.89044824401,7699.750860143324
928,6613.234553775744,3717.2692978003115,10330.503851576055
929,4822.051487414187,1299.2327125123493,6121.2841999265365
930,5907.097254004577,2717.2542319293216,8624.351485933897
931,3266.296338672769,1143.698567078484,4409.994905751253
932,6055.037681159421,2653.0364971954855,8708.074178354906
933,6048.132723112129,1922.3451521128397,7970.477875224969
934,5581.734553775744,2618.4684200406878,8200.202973816431
935,4678.850114416476,1131.1702930477497,5810.020407464225
936,5845.5526315789475,1995.3723582199268,7840.924989798874
937,5960.902745995423,2427.033477986104,8387.936223981527
938,7799.178489702517,1521.4853692318272,9320.663858934344
939,4932.12471395881,2002.6718455411187,6934.79655949993
940,5970.478260869565,1499.1809920300207,7469.659252899586
941,4092.401449275362,1769.4024032615391,5861.803852536901
942,4985.406178489702,2287.356378453276,7272.762556942978
943,5738.524027459955,2177.0265110973505,7915.550538557305
944,6632.116704805492,1989.4752195596484,8621.59192436514
945,3636.2768878718534,949.5825399531977,4585.859427825051
946,3461.8192219679636,1412.486763063027,4874.305985030991
947,6893.937070938215,3291.147306395738,10185.084377333953
948,6741.4221967963385,2115.1698140433327,8856.592010839671
949,4432.798627002288,1026.840609513214,5459.6392365155025
950,4705.216247139588,1739.9679073928587,6445.184154532446
951,6399.660183066361,3178.264849837546,9577.925032903908
952,5406.915942028985,2064.41005639554,7471.325998424525
953,4405.95766590389,1284.0075488917519,5689.965214795642
954,5762.189931350114,2720.710168283465,8482.90009963358
955,3879.0549199084667,1732.002831884742,5611.057751793209
956,3208.9096109839816,1327.7431629073287,4536.65277389131
957,6544.49771167048,2359.385729029788,8903.883440700269
958,3542.6887871853546,719.9141073416798,4262.602894527035
959,5837.566361556064,1889.470577124253,7727.036938680318
960,5541.224256292906,2496.927835390455,8038.1520916833615
961,5383.911899313501,2374.7914106917597,7758.70331000526
962,5418.62471395881,2662.5920868415433,8081.216800800354
963,8853.600686498856,4186.424078985827,13040.024765484683
964,8024.318077803204,3779.8148058983606,11804.132883701564
965,7051.675057208238,2862.907989580655,9914.583046788894
966,3980.4359267734553,1580.6495824782935,5561.085509251749
967,7155.703661327231,3453.597996078885,10609.301657406117
968,5930.339816933639,1391.4572535900827,7321.797070523721
969,2776.5102974828374,1225.774588558962,4002.2848860417994
970,2749.8146453089244,1196.0542805175007,3945.868925826425
971,6740.429061784897,1912.0032188747066,8652.432280659605
972,2525.438215102975,584.3164573328562,3109.7546724358313
973,5286.149885583524,2938.2286247738143,8224.37851035734
974,9393.478260869566,3595.4749759062493,12988.953236775815
975,6372.347826086957,3080.0523819903233,9452.40020807728
976,5756.138443935927,2435.894560603056,8192.033004538984
977,3931.523188405797,1738.2290996297234,5669.752288035521
978,5942.525171624714,1757.1091415663032,7699.634313191017
979,5166.704805491991,1464.5519763715563,6631.256781863547
980,5837.866132723112,1983.6150174012412,7821.481150124353
981,6041.367276887871,1912.5856768654592,7953.952953753331
982,6637.62471395881,2077.121358101771,8714.746072060581
983,8503.025171624715,3426.2994179799143,11929.324589604628
984,4971.011441647597,2527.784443053255,7498.795884700852
985,6900.5343249427915,3145.849710987815,10046.384035930607
986,5126.16704805492,1867.8281301925683,6993.995178247488
987,5694.0308924485125,2242.1930091121744,7936.2239015606865
988,3877.983963344788,1633.6224039704468,5511.606367315235
989,4278.672463768116,1780.78504569322,6059.4575094613365
990,5289.710526315789,1310.4159069933469,6600.126433309136
991,4736.231121281465,1980.7465130281507,6716.9776343096155
992,4744.720823798627,1816.98741763006,6561.708241428687
993,6280.451945080092,2071.2940758446593,8351.746020924751
994,3723.1304347826085,2225.0942317490276,5948.224666531636
995,7635.518306636156,1425.4715477088566,9060.989854345013
996,5237.855835240274,2442.02533189762,7679.881167137894
997,4272.268878718535,1792.7628873416272,6065.031766060162
998,3536.513729977117,1417.4447710973743,4953.958501074491
999,7577.923340961099,3039.0931879491914,10617.01652891029
1000,6113.947826086956,2497.823043946433,8611.77087003339
1001,4462.5,1192.765385487115,5655.265385487115
1002,4993.8604118993135,1370.4769932161028,6364.337405115416
1003,6110.564073226545,2760.8091452832136,8871.373218509758
1004,4189.58115942029,1771.0569776608897,5960.63813708118
1005,5117.176201372998,2188.9954139593406,7306.171615332338
1006,5242.9691075514875,1800.6848314969486,7043.653939048436
1007,5792.04233409611,2101.6330511016845,7893.675385197794
1008,4407.377574370709,967.4065348463965,5374.784109217106
1009,3897.378260869565,1601.625638256089,5499.003899125654
1010,7339.797482837528,3262.405169743492,10602.20265258102
1011,6549.151029748284,3101.441015489536,9650.59204523782
1012,4979.959420289855,2078.9060878039386,7058.865508093793
1013,3313.9610983981693,1216.287152201045,4530.248250599214
1014,10181.964530892448,5636.909995748243,15818.874526640691
1015,4971.717391304348,1814.82364619071,6786.541037495058
1016,4448.282608695652,2066.0301521527203,6514.312760848372
1017,5902.020594965675,1408.3961645454026,7310.4167595110775
1018,9765.486270022884,2516.089848305727,12281.576118328612
1019,7470.088405797102,3623.9011387749224,11093.989544572025
1020,7493.848970251716,2802.0932991342875,10295.942269386003
1021,7186.855835240274,1650.983867217914,8837.839702458188
1022,6048.112128146453,2902.364689893733,8950.476818040186
1023,5104.243707093821,1266.5715646532103,6370.815271747031
1024,5103.789473684211,1315.6253206052406,6419.4147942894515
1025,6094.04233409611,2383.462548667376,8477.504882763486
1026,7840.754004576659,2990.927032774803,10831.681037351462
1027,10757.798550724638,4863.959134253339,15621.757684977976
1028,3888.137299771167,2235.023930031327,6123.161229802494
1029,4475.284897025172,1375.1116005399053,5850.396497565077
1030,2980.401601830664,900.4791483581895,3880.880750188853
1031,3986.7505720823797,1674.3161559999069,5661.066728082286
1032,7589.304347826087,2610.819528774766,10200.123876600854
1033,11483.003432494279,3491.033876254599,14974.037308748877
1034,5378.419908466819,1500.1039905253763,6878.523898992195
1035,4027.0606407322653,1026.0032027273317,5053.063843459597
1036,4102.274599542334,1729.820206185431,5832.094805727765
1037,5740.756292906179,2693.0877519792048,8433.844044885383
1038,4821.824637681159,1787.8568732152958,6609.681510896455
1039,6686.04118993135,3036.755173437783,9722.796363369132
1040,7174.017162471396,3489.225055460958,10663.242217932355
1041,4993.01884057971,2054.589538219079,7047.608378798788
1042,3413.1762013729976,1770.5468124563758,5183.7230138293735
1043,7303.289473684211,1435.8595612493716,8739.149034933582
1044,5484.271167048055,2139.742901089284,7624.014068137339
1045,6965.244851258582,2347.985315480399,9313.23016673898
1046,7157.728832951945,2504.0385831581743,9661.76741611012
1047,4010.496567505721,1797.1431845978038,5807.639752103525
1048,5674.504576659039,2444.159433208706,8118.664009867745
1049,3271.795652173913,1238.49879220909,4510.294444383003
1050,6135.483981693364,2414.1059596916325,8549.589941384997
1051,6043.719679633868,3371.7659423219743,9415.485621955842
1052,6004.12471395881,2919.1073243549636,8923.232038313774
1053,7431.279176201373,2066.704048029024,9497.983224230396
1054,4992.995423340961,1313.839250816741,6306.834674157702
1055,6580.9656750572085,1412.4915049895794,7993.4571800467875
1056,3126.3797101449277,1588.7369888385144,4715.116698983442
1057,5348.381006864988,1215.3233837840694,6563.704390649058
1058,6004.475972540045,2342.93855129175,8347.414523831796
1059,6978.298627002288,1808.776706820723,8787.075333823012
1060,6047.824942791762,3043.4019532290395,9091.226896020802
1061,6015.314645308925,2495.957475695523,8511.272121004447
1062,5289.129290617849,2192.4537688656396,7481.583059483488
1063,3535.1773455377574,713.2913245488282,4248.468670086586
1064,7789.245995423341,3062.836701426779,10852.08269685012
1065,3424.0942028985505,1441.4808239834517,4865.575026882002
1066,9194.411899313502,3558.6040219495485,12753.01592126305
1067,4671.097101449275,1674.5599747189888,6345.657076168264
1068,3649.3524027459953,1308.2021645205464,4957.554567266541
1069,5220.276887871853,2115.599751437361,7335.876639309215
1070,5834.16704805492,1774.2973847940605,7608.46443284898
1071,5000.3386727688785,1161.824428951292,6162.163101720171
1072,5601.106407322654,2386.5035779320838,7987.609985254738
1073,5876.033180778032,3272.602303590826,9148.635484368859
1074,4251.173913043478,1183.0038837787474,5434.177796822225
1075,9519.737986270024,2285.2763368208543,11805.014323090878
1076,2965.395881006865,1637.9447203276995,4603.340601334565
1077,3705.1601830663617,1465.5802156944442,5170.740398760806
1078,5569.565217391304,2923.411555163492,8492.976772554795
1079,7194.234553775744,2845.979670220942,10040.214223996685
1080,8288.937681159421,2908.8218308326786,11197.759511992099
1081,4665.62585812357,1165.5318176492433,5831.157675772813
1082,5844.3535469107555,1253.488566292182,7097.842113202938
1083,4228.618993135012,1887.8425108901124,6116.461504025125
1084,5202.33295194508,2513.6688520935127,7716.001804038593
1085,6306.411899313501,1143.2558695665248,7449.6677688800255
1086,6442.268878718535,2477.681540297941,8919.950419016477
1087,5191.442791762014,1366.3831784617828,6557.825970223797
1088,4193.910755148741,1839.9144080574956,6033.8251632062365
1089,8359.973684210527,3175.5017493815153,11535.475433592042
1090,5323.578947368421,1670.2259738105315,6993.804921178952
1091,6850.0743707093825,1557.5873335540916,8407.661704263473
1092,9755.47536231884,3600.007821281072,13355.483183599914
1093,6874.599542334096,1956.3006939795093,8830.900236313606
1094,3709.231884057971,1760.6234268703404,5469.855310928311
1095,3965.0778032036615,975.373682893574,4940.451486097236
1096,4480.670480549199,2067.98153890075,6548.652019449949
1097,9685.490846681922,1468.569670700705,11154.060517382626
1098,4341.302059496567,880.0092844479549,5221.311343944522
1099,7277.631578947368,1998.7720645084037,9276.403643455771
1100,4426.066361556064,1935.248824301907,6361.315185857971
1101,8261.091533180777,2322.177421350595,10583.268954531373
1102,5738.444927536232,2136.72429511908,7875.169222655312
1103,4111.440503432495,1976.0173650821268,6087.457868514622
1104,4465.849275362319,1696.4020599559333,6162.251335318252
1105,3733.5183066361556,2054.455773342184,5787.974079978339
1106,4054.4267734553778,850.5308119636154,4904.957585418993
1107,5098.463768115942,2406.4219578660286,7504.885725981971
1108,4729.697940503433,1327.8579494755948,6057.555889979028
1109,4033.2478260869566,1616.7568755582188,5650.004701645175
1110,3749.5903890160184,995.5832287548865,4745.1736177709045
1111,4360.498855835241,1921.9079722321205,6282.406828067361
1112,8500.33752860412,3364.011539960345,11864.349068564465
1113,5510.400457665904,1294.3623768013308,6804.762834467234
1114,17049.495423340963,3262.2014819754763,20311.69690531644
1115,5178.362700228833,2645.144957136575,7823.507657365408
